{
  "threshold": 0.5,
  "total_samples": 100000,
  "actual_corrupted": 10000,
  "flagged_samples": 6241,
  "precision": 0.926454093895209,
  "recall": 0.5782,
  "f1": 0.7120251216058124,
  "auroc": 0.9780449577777777,
  "avg_precision": 0.8741547536165023,
  "precision_at_k": {
    "precision@100": 1.0,
    "precision@500": 0.998,
    "precision@1000": 0.998,
    "precision@2000": 0.9875,
    "precision@5000": 0.9522
  }
}